[ "ReflectivePipelineSettings", {
  "pipelineIndex" : 0,
  "pipelineType" : "Reflective",
  "inputImageFlipMode" : "NONE",
  "inputImageRotationMode" : "DEG_0",
  "pipelineNickname" : "New Pipeline",
  "cameraExposure" : 2.0,
  "cameraBrightness" : 50,
  "cameraGain" : 20,
  "cameraRedGain" : 15,
  "cameraBlueGain" : 32,
  "cameraVideoModeIndex" : 0,
  "streamingFrameDivisor" : "NONE",
  "ledMode" : true,
  "inputShouldShow" : false,
  "outputShouldShow" : true,
  "hsvHue" : {
    "first" : 35,
    "second" : 93
  },
  "hsvSaturation" : {
    "first" : 45,
    "second" : 255
  },
  "hsvValue" : {
    "first" : 46,
    "second" : 255
  },
  "hueInverted" : false,
  "outputShouldDraw" : true,
  "outputShowMultipleTargets" : false,
  "contourArea" : {
    "first" : 0.01,
    "second" : 100.0
  },
  "contourRatio" : {
    "first" : 1.0,
    "second" : 7.3
  },
  "contourFullness" : {
    "first" : 0.0,
    "second" : 100.0
  },
  "contourSpecklePercentage" : 20,
  "contourSortMode" : "Largest",
  "contourTargetOffsetPointEdge" : "Top",
  "contourTargetOrientation" : "Landscape",
  "offsetRobotOffsetMode" : "None",
  "offsetSinglePoint" : {
    "x" : 0.0,
    "y" : 0.0
  },
  "offsetDualPointA" : {
    "x" : 0.0,
    "y" : 0.0
  },
  "offsetDualPointAArea" : 0.0,
  "offsetDualPointB" : {
    "x" : 0.0,
    "y" : 0.0
  },
  "offsetDualPointBArea" : 0.0,
  "contourGroupingMode" : "TwoOrMore",
  "contourIntersection" : "Up",
  "solvePNPEnabled" : false,
  "targetModel" : "k2020HighGoalOuter",
  "cornerDetectionStrategy" : "APPROX_POLY_DP_AND_EXTREME_CORNERS",
  "cornerDetectionUseConvexHulls" : true,
  "cornerDetectionExactSideCount" : false,
  "cornerDetectionSideCount" : 4,
  "cornerDetectionAccuracyPercentage" : 10.0,
  "contourFilterRangeX" : 1.7,
  "contourFilterRangeY" : 1.7
} ]